<?xml version="1.0" encoding="UTF-8" ?>
<!DOCTYPE mapper PUBLIC "-//mybatis.org//DTD Mapper 3.0//EN" "http://mybatis.org/dtd/mybatis-3-mapper.dtd">

<mapper namespace="com.example.bank.transfer.mapper.AccountsMapper">

    <resultMap id="BaseResultMap" type="com.example.bank.transfer.entity.Accounts">
        <result property="id" column="ID"/>
        <result property="name" column="NAME"/>
        <result property="nameComments" column="NAME_COMMENTS"/>
        <result property="accountNum" column="ACCOUNT_NUM"/>
        <result property="comments" column="comments"/>
        <result property="accountBalance" column="ACCOUNT_BALANCE"/>
        <result property="balanceUnit" column="BALANCE_UNIT"/>
        <result property="accountType" column="ACCOUNT_TYPE"/>
        <result property="accountStatus" column="ACCOUNT_STATUS"/>
    </resultMap>

    <select id="selectAllAccounts" resultMap="BaseResultMap">
        SELECT * FROM bank_account
    </select>

    <insert id="addAccount" parameterType="com.example.bank.transfer.entity.Accounts" >
        <selectKey keyProperty="id" resultType="String" order="BEFORE">
            select sys_guid() from dual
        </selectKey>
        INSERT INTO bank_account ( id,NAME ,NAME_COMMENTS,ACCOUNT_NUM,comments,ACCOUNT_BALANCE,BALANCE_UNIT,ACCOUNT_TYPE,ACCOUNT_STATUS )
        VALUES ( #{id}, #{NAME}, #{nameComments}, #{accountNum}, #{comments}, #{accountBalance}, #{balanceUnit}, #{accountType}, #{accountStatus})
    </insert>


</mapper>

