<?xml version="1.0" encoding="UTF-8" ?>
<!DOCTYPE mapper PUBLIC "-//mybatis.org//DTD Mapper 3.0//EN" "http://mybatis.org/dtd/mybatis-3-mapper.dtd">

<mapper namespace="com.example.bank.transfer.mapper.TransferRecordMapper">

    <resultMap id="BaseResultMap" type="com.example.bank.transfer.entity.TransferRecord">
        <result property="id" column="ID"/>
        <result property="transferNum" column="TRANSFER_NUM"/>
        <result property="transferStatus" column="TRANSFER_STATUS"/>
        <result property="transferAmount" column="TRANSFER_AMOUNT"/>
        <result property="transferDate" column="TRANSFER_DATE"/>
        <result property="toAccountNum" column="TO_ACCOUNT_NUM"/>
        <result property="toAccountName" column="TO_ACCOUNT_NAME"/>
        <result property="toAccountId" column="TO_ACCOUNT_ID"/>
        <result property="fromAccountNum" column="FROM_ACCOUNT_NUM"/>
        <result property="fromAccountName" column="FROM_ACCOUNT_NAME"/>
        <result property="fromAccountId" column="FROM_ACCOUNT_ID"/>
    </resultMap>

    <select id="selectByAccountId" resultMap="BaseResultMap" parameterType="String">
        SELECT * FROM TRANSFER_RECORD where bank_account.FROM_ACCOUNT_ID = #{accountId}
    </select>

    <insert id="addAccount" parameterType="com.example.bank.transfer.entity.TransferRecord" >
        <selectKey keyProperty="id" resultType="String" order="BEFORE">
            select sys_guid() from dual
        </selectKey>
        INSERT INTO TRANSFER_RECORD ( id,TRANSFER_NUM ,TRANSFER_STATUS,TRANSFER_AMOUNT,TRANSFER_DATE,TO_ACCOUNT_NUM,TO_ACCOUNT_NAME,TO_ACCOUNT_ID,FROM_ACCOUNT_NUM,FROM_ACCOUNT_NAME,FROM_ACCOUNT_ID )
        VALUES ( #{id}, #{transferNum}, #{transferStatus}, #{transferAmount}, #{transferDate}, #{toAccountNum}, #{toAccountName}, #{toAccountId}, #{fromAccountNum}, #{fromAccountName}, #{fromAccountId})
    </insert>


</mapper>

